T, k=0.100000 A0=0.500000 C0=0.100000, 0, 0
0.0, 0.050000, 0.500000, 0.100000
0.1, 0.051975, 0.495000, 0.105000
0.2, 0.053975, 0.489803, 0.110198
0.3, 0.055995, 0.484405, 0.115595
0.4, 0.058029, 0.478806, 0.121194
0.5, 0.060070, 0.473003, 0.126997
0.6, 0.062112, 0.466996, 0.133004
0.7, 0.064148, 0.460784, 0.139216
0.8, 0.066170, 0.454370, 0.145630
0.9, 0.068169, 0.447753, 0.152247
1.0, 0.070137, 0.440936, 0.159064
1.1, 0.072065, 0.433922, 0.166078
1.2, 0.073943, 0.426715, 0.173285
1.3, 0.075762, 0.419321, 0.180679
1.4, 0.077513, 0.411745, 0.188255
1.5, 0.079185, 0.403994, 0.196006
1.6, 0.080770, 0.396075, 0.203925
1.7, 0.082256, 0.387998, 0.212002
1.8, 0.083636, 0.379772, 0.220228
1.9, 0.084901, 0.371409, 0.228591
2.0, 0.086041, 0.362919, 0.237081
2.1, 0.087050, 0.354315, 0.245685
2.2, 0.087920, 0.345610, 0.254390
2.3, 0.088644, 0.336818, 0.263182
2.4, 0.089219, 0.327953, 0.272047
2.5, 0.089638, 0.319031, 0.280969
2.6, 0.089899, 0.310068, 0.289932
2.7, 0.089999, 0.301078, 0.298922
2.8, 0.089937, 0.292078, 0.307922
2.9, 0.089714, 0.283084, 0.316916
3.0, 0.089330, 0.274113, 0.325887
3.1, 0.088788, 0.265180, 0.334820
3.2, 0.088090, 0.256301, 0.343699
3.3, 0.087243, 0.247492, 0.352508
3.4, 0.086251, 0.238768, 0.361232
3.5, 0.085120, 0.230143, 0.369857
3.6, 0.083858, 0.221631, 0.378369
3.7, 0.082474, 0.213245, 0.386755
3.8, 0.080975, 0.204997, 0.395003
3.9, 0.079370, 0.196900, 0.403100
4.0, 0.077671, 0.188963, 0.411037
4.1, 0.075886, 0.181196, 0.418804
4.2, 0.074025, 0.173607, 0.426393
4.3, 0.072099, 0.166205, 0.433795
4.4, 0.070118, 0.158995, 0.441005
4.5, 0.068091, 0.151983, 0.448017
4.6, 0.066029, 0.145174, 0.454826
4.7, 0.063941, 0.138571, 0.461429
4.8, 0.061835, 0.132177, 0.467823
4.9, 0.059722, 0.125994, 0.474006
5.0, 0.057608, 0.120021, 0.479979
5.1, 0.055501, 0.114261, 0.485739
5.2, 0.053408, 0.108710, 0.491290
5.3, 0.051337, 0.103370, 0.496630
5.4, 0.049291, 0.098236, 0.501764
5.5, 0.047278, 0.093307, 0.506693
5.6, 0.045301, 0.088579, 0.511421
5.7, 0.043365, 0.084049, 0.515951
5.8, 0.041473, 0.079712, 0.520288
5.9, 0.039629, 0.075565, 0.524435
6.0, 0.037834, 0.071602, 0.528398
6.1, 0.036092, 0.067819, 0.532181
6.2, 0.034403, 0.064210, 0.535790
6.3, 0.032769, 0.060769, 0.539231
6.4, 0.031190, 0.057492, 0.542508
6.5, 0.029668, 0.054373, 0.545627
6.6, 0.028201, 0.051407, 0.548593
6.7, 0.026791, 0.048587, 0.551413
6.8, 0.025437, 0.045907, 0.554093
6.9, 0.024138, 0.043364, 0.556636
7.0, 0.022893, 0.040950, 0.559050
7.1, 0.021702, 0.038661, 0.561339
7.2, 0.020563, 0.036490, 0.563510
7.3, 0.019475, 0.034434, 0.565566
7.4, 0.018437, 0.032487, 0.567513
7.5, 0.017447, 0.030643, 0.569357
7.6, 0.016504, 0.028898, 0.571102
7.7, 0.015606, 0.027248, 0.572752
7.8, 0.014753, 0.025687, 0.574313
7.9, 0.013941, 0.024212, 0.575788
8.0, 0.013170, 0.022818, 0.577182
8.1, 0.012438, 0.021501, 0.578499
8.2, 0.011744, 0.020257, 0.579743
8.3, 0.011085, 0.019083, 0.580917
8.4, 0.010461, 0.017974, 0.582026
8.5, 0.009870, 0.016928, 0.583072
8.6, 0.009310, 0.015941, 0.584059
8.7, 0.008781, 0.015010, 0.584990
8.8, 0.008279, 0.014132, 0.585868
8.9, 0.007805, 0.013304, 0.586696
9.0, 0.007357, 0.012523, 0.587477
9.1, 0.006934, 0.011788, 0.588212
9.2, 0.006534, 0.011094, 0.588906
9.3, 0.006156, 0.010441, 0.589559
9.4, 0.005799, 0.009825, 0.590175
9.5, 0.005462, 0.009246, 0.590754
9.6, 0.005144, 0.008699, 0.591301
9.7, 0.004844, 0.008185, 0.591815
9.8, 0.004561, 0.007701, 0.592299
9.9, 0.004294, 0.007244, 0.592756
10.0, 0.004043, 0.006815, 0.593185
10.1, 0.003805, 0.006411, 0.593589
10.2, 0.003582, 0.006030, 0.593970
10.3, 0.003371, 0.005672, 0.594328
10.4, 0.003173, 0.005335, 0.594665
10.5, 0.002985, 0.005018, 0.594982
10.6, 0.002809, 0.004719, 0.595281
10.7, 0.002643, 0.004438, 0.595562
10.8, 0.002487, 0.004174, 0.595826
10.9, 0.002340, 0.003925, 0.596075
11.0, 0.002201, 0.003691, 0.596309
11.1, 0.002071, 0.003471, 0.596529
11.2, 0.001948, 0.003264, 0.596736
11.3, 0.001832, 0.003069, 0.596931
11.4, 0.001723, 0.002886, 0.597114
11.5, 0.001621, 0.002714, 0.597286
11.6, 0.001524, 0.002552, 0.597448
11.7, 0.001434, 0.002399, 0.597601
11.8, 0.001348, 0.002256, 0.597744
11.9, 0.001268, 0.002121, 0.597879
12.0, 0.001193, 0.001994, 0.598006
12.1, 0.001121, 0.001875, 0.598125
12.2, 0.001055, 0.001763, 0.598237
12.3, 0.000992, 0.001657, 0.598343
12.4, 0.000932, 0.001558, 0.598442
12.5, 0.000877, 0.001465, 0.598535
12.6, 0.000824, 0.001377, 0.598623
12.7, 0.000775, 0.001295, 0.598705
12.8, 0.000729, 0.001217, 0.598783
12.9, 0.000685, 0.001144, 0.598856
13.0, 0.000644, 0.001076, 0.598924
13.1, 0.000606, 0.001011, 0.598989
13.2, 0.000570, 0.000951, 0.599049
13.3, 0.000536, 0.000894, 0.599106
13.4, 0.000503, 0.000840, 0.599160
13.5, 0.000473, 0.000790, 0.599210
13.6, 0.000445, 0.000743, 0.599257
13.7, 0.000418, 0.000698, 0.599302
13.8, 0.000393, 0.000656, 0.599344
13.9, 0.000370, 0.000617, 0.599383
14.0, 0.000348, 0.000580, 0.599420
14.1, 0.000327, 0.000545, 0.599455
14.2, 0.000307, 0.000513, 0.599487
14.3, 0.000289, 0.000482, 0.599518
14.4, 0.000272, 0.000453, 0.599547
14.5, 0.000255, 0.000426, 0.599574
14.6, 0.000240, 0.000400, 0.599600
14.7, 0.000226, 0.000376, 0.599624
14.8, 0.000212, 0.000354, 0.599646
14.9, 0.000199, 0.000332, 0.599668
15.0, 0.000187, 0.000313, 0.599687
15.1, 0.000176, 0.000294, 0.599706
15.2, 0.000166, 0.000276, 0.599724
15.3, 0.000156, 0.000260, 0.599740
15.4, 0.000146, 0.000244, 0.599756
15.5, 0.000138, 0.000229, 0.599771
15.6, 0.000129, 0.000216, 0.599784
15.7, 0.000122, 0.000203, 0.599797
15.8, 0.000114, 0.000191, 0.599809
15.9, 0.000107, 0.000179, 0.599821
16.0, 0.000101, 0.000168, 0.599832
16.1, 0.000095, 0.000158, 0.599842
16.2, 0.000089, 0.000149, 0.599851
16.3, 0.000084, 0.000140, 0.599860
16.4, 0.000079, 0.000131, 0.599869
16.5, 0.000074, 0.000124, 0.599876
16.6, 0.000070, 0.000116, 0.599884
16.7, 0.000066, 0.000109, 0.599891
16.8, 0.000062, 0.000103, 0.599897
16.9, 0.000058, 0.000096, 0.599904
17.0, 0.000054, 0.000091, 0.599909
17.1, 0.000051, 0.000085, 0.599915
17.2, 0.000048, 0.000080, 0.599920
17.3, 0.000045, 0.000075, 0.599925
17.4, 0.000042, 0.000071, 0.599929
17.5, 0.000040, 0.000067, 0.599933
17.6, 0.000038, 0.000063, 0.599937
17.7, 0.000035, 0.000059, 0.599941
17.8, 0.000033, 0.000055, 0.599945
17.9, 0.000031, 0.000052, 0.599948
18.0, 0.000029, 0.000049, 0.599951
18.1, 0.000028, 0.000046, 0.599954
18.2, 0.000026, 0.000043, 0.599957
18.3, 0.000024, 0.000041, 0.599959
18.4, 0.000023, 0.000038, 0.599962
18.5, 0.000022, 0.000036, 0.599964
18.6, 0.000020, 0.000034, 0.599966
18.7, 0.000019, 0.000032, 0.599968
18.8, 0.000018, 0.000030, 0.599970
18.9, 0.000017, 0.000028, 0.599972
19.0, 0.000016, 0.000026, 0.599974
19.1, 0.000015, 0.000025, 0.599975
19.2, 0.000014, 0.000023, 0.599977
19.3, 0.000013, 0.000022, 0.599978
19.4, 0.000012, 0.000021, 0.599979
19.5, 0.000012, 0.000019, 0.599981
19.6, 0.000011, 0.000018, 0.599982
19.7, 0.000010, 0.000017, 0.599983
19.8, 0.000010, 0.000016, 0.599984
19.9, 0.000009, 0.000015, 0.599985
20.0, 0.000009, 0.000014, 0.599986
20.1, 0.000008, 0.000013, 0.599987
20.2, 0.000008, 0.000013, 0.599987
20.3, 0.000007, 0.000012, 0.599988
20.4, 0.000007, 0.000011, 0.599989
20.5, 0.000006, 0.000010, 0.599990
20.6, 0.000006, 0.000010, 0.599990
20.7, 0.000006, 0.000009, 0.599991
20.8, 0.000005, 0.000009, 0.599991
20.9, 0.000005, 0.000008, 0.599992
21.0, 0.000005, 0.000008, 0.599992
21.1, 0.000004, 0.000007, 0.599993
21.2, 0.000004, 0.000007, 0.599993
21.3, 0.000004, 0.000006, 0.599994
21.4, 0.000004, 0.000006, 0.599994
21.5, 0.000003, 0.000006, 0.599994
21.6, 0.000003, 0.000005, 0.599995
21.7, 0.000003, 0.000005, 0.599995
21.8, 0.000003, 0.000005, 0.599995
21.9, 0.000003, 0.000004, 0.599996
22.0, 0.000002, 0.000004, 0.599996
22.1, 0.000002, 0.000004, 0.599996
22.2, 0.000002, 0.000004, 0.599996
22.3, 0.000002, 0.000003, 0.599997
22.4, 0.000002, 0.000003, 0.599997
22.5, 0.000002, 0.000003, 0.599997
22.6, 0.000002, 0.000003, 0.599997
22.7, 0.000002, 0.000003, 0.599997
22.8, 0.000002, 0.000003, 0.599997
22.9, 0.000001, 0.000002, 0.599998
23.0, 0.000001, 0.000002, 0.599998
23.1, 0.000001, 0.000002, 0.599998
23.2, 0.000001, 0.000002, 0.599998
23.3, 0.000001, 0.000002, 0.599998
23.4, 0.000001, 0.000002, 0.599998
23.5, 0.000001, 0.000002, 0.599998
23.6, 0.000001, 0.000002, 0.599998
23.7, 0.000001, 0.000001, 0.599999
23.8, 0.000001, 0.000001, 0.599999
23.9, 0.000001, 0.000001, 0.599999
24.0, 0.000001, 0.000001, 0.599999
24.1, 0.000001, 0.000001, 0.599999
24.2, 0.000001, 0.000001, 0.599999
24.3, 0.000001, 0.000001, 0.599999
24.4, 0.000001, 0.000001, 0.599999
24.5, 0.000001, 0.000001, 0.599999
24.6, 0.000000, 0.000001, 0.599999
24.7, 0.000000, 0.000001, 0.599999
24.8, 0.000000, 0.000001, 0.599999
24.9, 0.000000, 0.000001, 0.599999
25.0, 0.000000, 0.000001, 0.599999
25.1, 0.000000, 0.000001, 0.599999
25.2, 0.000000, 0.000001, 0.599999
25.3, 0.000000, 0.000001, 0.599999
25.4, 0.000000, 0.000001, 0.599999
25.5, 0.000000, 0.000000, 0.600000
25.6, 0.000000, 0.000000, 0.600000
25.7, 0.000000, 0.000000, 0.600000
25.8, 0.000000, 0.000000, 0.600000
25.9, 0.000000, 0.000000, 0.600000
26.0, 0.000000, 0.000000, 0.600000
26.1, 0.000000, 0.000000, 0.600000
26.2, 0.000000, 0.000000, 0.600000
26.3, 0.000000, 0.000000, 0.600000
26.4, 0.000000, 0.000000, 0.600000
26.5, 0.000000, 0.000000, 0.600000
26.6, 0.000000, 0.000000, 0.600000
26.7, 0.000000, 0.000000, 0.600000
26.8, 0.000000, 0.000000, 0.600000
26.9, 0.000000, 0.000000, 0.600000
27.0, 0.000000, 0.000000, 0.600000
27.1, 0.000000, 0.000000, 0.600000
27.2, 0.000000, 0.000000, 0.600000
27.3, 0.000000, 0.000000, 0.600000
27.4, 0.000000, 0.000000, 0.600000
27.5, 0.000000, 0.000000, 0.600000
27.6, 0.000000, 0.000000, 0.600000
27.7, 0.000000, 0.000000, 0.600000
27.8, 0.000000, 0.000000, 0.600000
27.9, 0.000000, 0.000000, 0.600000
28.0, 0.000000, 0.000000, 0.600000
28.1, 0.000000, 0.000000, 0.600000
28.2, 0.000000, 0.000000, 0.600000
28.3, 0.000000, 0.000000, 0.600000
28.4, 0.000000, 0.000000, 0.600000
28.5, 0.000000, 0.000000, 0.600000
28.6, 0.000000, 0.000000, 0.600000
28.7, 0.000000, 0.000000, 0.600000
28.8, 0.000000, 0.000000, 0.600000
28.9, 0.000000, 0.000000, 0.600000
29.0, 0.000000, 0.000000, 0.600000
29.1, 0.000000, 0.000000, 0.600000
29.2, 0.000000, 0.000000, 0.600000
29.3, 0.000000, 0.000000, 0.600000
29.4, 0.000000, 0.000000, 0.600000
29.5, 0.000000, 0.000000, 0.600000
29.6, 0.000000, 0.000000, 0.600000
29.7, 0.000000, 0.000000, 0.600000
29.8, 0.000000, 0.000000, 0.600000
29.9, 0.000000, 0.000000, 0.600000
30.0, 0.000000, 0.000000, 0.600000
30.1, 0.000000, 0.000000, 0.600000
30.2, 0.000000, 0.000000, 0.600000
30.3, 0.000000, 0.000000, 0.600000
30.4, 0.000000, 0.000000, 0.600000
30.5, 0.000000, 0.000000, 0.600000
30.6, 0.000000, 0.000000, 0.600000
30.7, 0.000000, 0.000000, 0.600000
30.8, 0.000000, 0.000000, 0.600000
30.9, 0.000000, 0.000000, 0.600000
31.0, 0.000000, 0.000000, 0.600000
31.1, 0.000000, 0.000000, 0.600000
31.2, 0.000000, 0.000000, 0.600000
31.3, 0.000000, 0.000000, 0.600000
31.4, 0.000000, 0.000000, 0.600000
31.5, 0.000000, 0.000000, 0.600000
31.6, 0.000000, 0.000000, 0.600000
31.7, 0.000000, 0.000000, 0.600000
31.8, 0.000000, 0.000000, 0.600000
31.9, 0.000000, 0.000000, 0.600000
32.0, 0.000000, 0.000000, 0.600000
32.1, 0.000000, 0.000000, 0.600000
32.2, 0.000000, 0.000000, 0.600000
32.3, 0.000000, 0.000000, 0.600000
32.4, 0.000000, 0.000000, 0.600000
32.5, 0.000000, 0.000000, 0.600000
32.6, 0.000000, 0.000000, 0.600000
32.7, 0.000000, 0.000000, 0.600000
32.8, 0.000000, 0.000000, 0.600000
32.9, 0.000000, 0.000000, 0.600000
33.0, 0.000000, 0.000000, 0.600000
33.1, 0.000000, 0.000000, 0.600000
33.2, 0.000000, 0.000000, 0.600000
33.3, 0.000000, 0.000000, 0.600000
33.4, 0.000000, 0.000000, 0.600000
33.5, 0.000000, 0.000000, 0.600000
33.6, 0.000000, 0.000000, 0.600000
33.7, 0.000000, 0.000000, 0.600000
33.8, 0.000000, 0.000000, 0.600000
33.9, 0.000000, 0.000000, 0.600000
34.0, 0.000000, 0.000000, 0.600000
34.1, 0.000000, 0.000000, 0.600000
34.2, 0.000000, 0.000000, 0.600000
34.3, 0.000000, 0.000000, 0.600000
34.4, 0.000000, 0.000000, 0.600000
34.5, 0.000000, 0.000000, 0.600000
34.6, 0.000000, 0.000000, 0.600000
34.7, 0.000000, 0.000000, 0.600000
34.8, 0.000000, 0.000000, 0.600000
34.9, 0.000000, 0.000000, 0.600000
35.0, 0.000000, 0.000000, 0.600000
35.1, 0.000000, 0.000000, 0.600000
35.2, 0.000000, 0.000000, 0.600000
35.3, 0.000000, 0.000000, 0.600000
35.4, 0.000000, 0.000000, 0.600000
35.5, 0.000000, 0.000000, 0.600000
35.6, 0.000000, 0.000000, 0.600000
35.7, 0.000000, 0.000000, 0.600000
35.8, 0.000000, 0.000000, 0.600000
35.9, 0.000000, 0.000000, 0.600000
36.0, 0.000000, 0.000000, 0.600000
36.1, 0.000000, 0.000000, 0.600000
36.2, 0.000000, 0.000000, 0.600000
36.3, 0.000000, 0.000000, 0.600000
36.4, 0.000000, 0.000000, 0.600000
36.5, 0.000000, 0.000000, 0.600000
36.6, 0.000000, 0.000000, 0.600000
36.7, 0.000000, 0.000000, 0.600000
36.8, 0.000000, 0.000000, 0.600000
36.9, 0.000000, 0.000000, 0.600000
37.0, 0.000000, 0.000000, 0.600000
37.1, 0.000000, 0.000000, 0.600000
37.2, 0.000000, 0.000000, 0.600000
37.3, 0.000000, 0.000000, 0.600000
37.4, 0.000000, 0.000000, 0.600000
37.5, 0.000000, 0.000000, 0.600000
37.6, 0.000000, 0.000000, 0.600000
37.7, 0.000000, 0.000000, 0.600000
37.8, 0.000000, 0.000000, 0.600000
37.9, 0.000000, 0.000000, 0.600000
38.0, 0.000000, 0.000000, 0.600000
38.1, 0.000000, 0.000000, 0.600000
38.2, 0.000000, 0.000000, 0.600000
38.3, 0.000000, 0.000000, 0.600000
38.4, 0.000000, 0.000000, 0.600000
38.5, 0.000000, 0.000000, 0.600000
38.6, 0.000000, 0.000000, 0.600000
38.7, 0.000000, 0.000000, 0.600000
38.8, 0.000000, 0.000000, 0.600000
38.9, 0.000000, 0.000000, 0.600000
39.0, 0.000000, 0.000000, 0.600000
39.1, 0.000000, 0.000000, 0.600000
39.2, 0.000000, 0.000000, 0.600000
39.3, 0.000000, 0.000000, 0.600000
39.4, 0.000000, 0.000000, 0.600000
39.5, 0.000000, 0.000000, 0.600000
39.6, 0.000000, 0.000000, 0.600000
39.7, 0.000000, 0.000000, 0.600000
39.8, 0.000000, 0.000000, 0.600000
39.9, 0.000000, 0.000000, 0.600000
40.0, 0.000000, 0.000000, 0.600000
40.1, 0.000000, 0.000000, 0.600000
40.2, 0.000000, 0.000000, 0.600000
40.3, 0.000000, 0.000000, 0.600000
40.4, 0.000000, 0.000000, 0.600000
40.5, 0.000000, 0.000000, 0.600000
40.6, 0.000000, 0.000000, 0.600000
40.7, 0.000000, 0.000000, 0.600000
40.8, 0.000000, 0.000000, 0.600000
40.9, 0.000000, 0.000000, 0.600000
41.0, 0.000000, 0.000000, 0.600000
41.1, 0.000000, 0.000000, 0.600000
41.2, 0.000000, 0.000000, 0.600000
41.3, 0.000000, 0.000000, 0.600000
41.4, 0.000000, 0.000000, 0.600000
41.5, 0.000000, 0.000000, 0.600000
41.6, 0.000000, 0.000000, 0.600000
41.7, 0.000000, 0.000000, 0.600000
41.8, 0.000000, 0.000000, 0.600000
41.9, 0.000000, 0.000000, 0.600000
42.0, 0.000000, 0.000000, 0.600000
42.1, 0.000000, 0.000000, 0.600000
42.2, 0.000000, 0.000000, 0.600000
42.3, 0.000000, 0.000000, 0.600000
42.4, 0.000000, 0.000000, 0.600000
42.5, 0.000000, 0.000000, 0.600000
42.6, 0.000000, 0.000000, 0.600000
42.7, 0.000000, 0.000000, 0.600000
42.8, 0.000000, 0.000000, 0.600000
42.9, 0.000000, 0.000000, 0.600000
43.0, 0.000000, 0.000000, 0.600000
43.1, 0.000000, 0.000000, 0.600000
43.2, 0.000000, 0.000000, 0.600000
43.3, 0.000000, 0.000000, 0.600000
43.4, 0.000000, 0.000000, 0.600000
43.5, 0.000000, 0.000000, 0.600000
43.6, 0.000000, 0.000000, 0.600000
43.7, 0.000000, 0.000000, 0.600000
43.8, 0.000000, 0.000000, 0.600000
43.9, 0.000000, 0.000000, 0.600000
44.0, 0.000000, 0.000000, 0.600000
44.1, 0.000000, 0.000000, 0.600000
44.2, 0.000000, 0.000000, 0.600000
44.3, 0.000000, 0.000000, 0.600000
44.4, 0.000000, 0.000000, 0.600000
44.5, 0.000000, 0.000000, 0.600000
44.6, 0.000000, 0.000000, 0.600000
44.7, 0.000000, 0.000000, 0.600000
44.8, 0.000000, 0.000000, 0.600000
44.9, 0.000000, 0.000000, 0.600000
45.0, 0.000000, 0.000000, 0.600000
45.1, 0.000000, 0.000000, 0.600000
45.2, 0.000000, 0.000000, 0.600000
45.3, 0.000000, 0.000000, 0.600000
45.4, 0.000000, 0.000000, 0.600000
45.5, 0.000000, 0.000000, 0.600000
45.6, 0.000000, 0.000000, 0.600000
45.7, 0.000000, 0.000000, 0.600000
45.8, 0.000000, 0.000000, 0.600000
45.9, 0.000000, 0.000000, 0.600000
46.0, 0.000000, 0.000000, 0.600000
46.1, 0.000000, 0.000000, 0.600000
46.2, 0.000000, 0.000000, 0.600000
46.3, 0.000000, 0.000000, 0.600000
46.4, 0.000000, 0.000000, 0.600000
46.5, 0.000000, 0.000000, 0.600000
46.6, 0.000000, 0.000000, 0.600000
46.7, 0.000000, 0.000000, 0.600000
46.8, 0.000000, 0.000000, 0.600000
46.9, 0.000000, 0.000000, 0.600000
47.0, 0.000000, 0.000000, 0.600000
47.1, 0.000000, 0.000000, 0.600000
47.2, 0.000000, 0.000000, 0.600000
47.3, 0.000000, 0.000000, 0.600000
47.4, 0.000000, 0.000000, 0.600000
47.5, 0.000000, 0.000000, 0.600000
47.6, 0.000000, 0.000000, 0.600000
47.7, 0.000000, 0.000000, 0.600000
47.8, 0.000000, 0.000000, 0.600000
47.9, 0.000000, 0.000000, 0.600000
48.0, 0.000000, 0.000000, 0.600000
48.1, 0.000000, 0.000000, 0.600000
48.2, 0.000000, 0.000000, 0.600000
48.3, 0.000000, 0.000000, 0.600000
48.4, 0.000000, 0.000000, 0.600000
48.5, 0.000000, 0.000000, 0.600000
48.6, 0.000000, 0.000000, 0.600000
48.7, 0.000000, 0.000000, 0.600000
48.8, 0.000000, 0.000000, 0.600000
48.9, 0.000000, 0.000000, 0.600000
49.0, 0.000000, 0.000000, 0.600000
49.1, 0.000000, 0.000000, 0.600000
49.2, 0.000000, 0.000000, 0.600000
49.3, 0.000000, 0.000000, 0.600000
49.4, 0.000000, 0.000000, 0.600000
49.5, 0.000000, 0.000000, 0.600000
49.6, 0.000000, 0.000000, 0.600000
49.7, 0.000000, 0.000000, 0.600000
49.8, 0.000000, 0.000000, 0.600000
49.9, 0.000000, 0.000000, 0.600000
50.0, 0.000000, 0.000000, 0.600000
50.1, 0.000000, 0.000000, 0.600000
50.2, 0.000000, 0.000000, 0.600000
50.3, 0.000000, 0.000000, 0.600000
50.4, 0.000000, 0.000000, 0.600000
50.5, 0.000000, 0.000000, 0.600000
50.6, 0.000000, 0.000000, 0.600000
50.7, 0.000000, 0.000000, 0.600000
50.8, 0.000000, 0.000000, 0.600000
50.9, 0.000000, 0.000000, 0.600000
51.0, 0.000000, 0.000000, 0.600000
51.1, 0.000000, 0.000000, 0.600000
51.2, 0.000000, 0.000000, 0.600000
51.3, 0.000000, 0.000000, 0.600000
51.4, 0.000000, 0.000000, 0.600000
51.5, 0.000000, 0.000000, 0.600000
51.6, 0.000000, 0.000000, 0.600000
51.7, 0.000000, 0.000000, 0.600000
51.8, 0.000000, 0.000000, 0.600000
51.9, 0.000000, 0.000000, 0.600000
52.0, 0.000000, 0.000000, 0.600000
52.1, 0.000000, 0.000000, 0.600000
52.2, 0.000000, 0.000000, 0.600000
52.3, 0.000000, 0.000000, 0.600000
52.4, 0.000000, 0.000000, 0.600000
52.5, 0.000000, 0.000000, 0.600000
52.6, 0.000000, 0.000000, 0.600000
52.7, 0.000000, 0.000000, 0.600000
52.8, 0.000000, 0.000000, 0.600000
52.9, 0.000000, 0.000000, 0.600000
53.0, 0.000000, 0.000000, 0.600000
53.1, 0.000000, 0.000000, 0.600000
53.2, 0.000000, 0.000000, 0.600000
53.3, 0.000000, 0.000000, 0.600000
53.4, 0.000000, 0.000000, 0.600000
53.5, 0.000000, 0.000000, 0.600000
53.6, 0.000000, 0.000000, 0.600000
53.7, 0.000000, 0.000000, 0.600000
53.8, 0.000000, 0.000000, 0.600000
53.9, 0.000000, 0.000000, 0.600000
54.0, 0.000000, 0.000000, 0.600000
54.1, 0.000000, 0.000000, 0.600000
54.2, 0.000000, 0.000000, 0.600000
54.3, 0.000000, 0.000000, 0.600000
54.4, 0.000000, 0.000000, 0.600000
54.5, 0.000000, 0.000000, 0.600000
54.6, 0.000000, 0.000000, 0.600000
54.7, 0.000000, 0.000000, 0.600000
54.8, 0.000000, 0.000000, 0.600000
54.9, 0.000000, 0.000000, 0.600000
55.0, 0.000000, 0.000000, 0.600000
55.1, 0.000000, 0.000000, 0.600000
55.2, 0.000000, 0.000000, 0.600000
55.3, 0.000000, 0.000000, 0.600000
55.4, 0.000000, 0.000000, 0.600000
55.5, 0.000000, 0.000000, 0.600000
55.6, 0.000000, 0.000000, 0.600000
55.7, 0.000000, 0.000000, 0.600000
55.8, 0.000000, 0.000000, 0.600000
55.9, 0.000000, 0.000000, 0.600000
56.0, 0.000000, 0.000000, 0.600000
56.1, 0.000000, 0.000000, 0.600000
56.2, 0.000000, 0.000000, 0.600000
56.3, 0.000000, 0.000000, 0.600000
56.4, 0.000000, 0.000000, 0.600000
56.5, 0.000000, 0.000000, 0.600000
56.6, 0.000000, 0.000000, 0.600000
56.7, 0.000000, 0.000000, 0.600000
56.8, 0.000000, 0.000000, 0.600000
56.9, 0.000000, 0.000000, 0.600000
57.0, 0.000000, 0.000000, 0.600000
57.1, 0.000000, 0.000000, 0.600000
57.2, 0.000000, 0.000000, 0.600000
57.3, 0.000000, 0.000000, 0.600000
57.4, 0.000000, 0.000000, 0.600000
57.5, 0.000000, 0.000000, 0.600000
57.6, 0.000000, 0.000000, 0.600000
57.7, 0.000000, 0.000000, 0.600000
57.8, 0.000000, 0.000000, 0.600000
57.9, 0.000000, 0.000000, 0.600000
58.0, 0.000000, 0.000000, 0.600000
58.1, 0.000000, 0.000000, 0.600000
58.2, 0.000000, 0.000000, 0.600000
58.3, 0.000000, 0.000000, 0.600000
58.4, 0.000000, 0.000000, 0.600000
58.5, 0.000000, 0.000000, 0.600000
58.6, 0.000000, 0.000000, 0.600000
58.7, 0.000000, 0.000000, 0.600000
58.8, 0.000000, 0.000000, 0.600000
58.9, 0.000000, 0.000000, 0.600000
59.0, 0.000000, 0.000000, 0.600000
59.1, 0.000000, 0.000000, 0.600000
59.2, 0.000000, 0.000000, 0.600000
59.3, 0.000000, 0.000000, 0.600000
59.4, 0.000000, 0.000000, 0.600000
59.5, 0.000000, 0.000000, 0.600000
59.6, 0.000000, 0.000000, 0.600000
59.7, 0.000000, 0.000000, 0.600000
59.8, 0.000000, 0.000000, 0.600000
59.9, 0.000000, 0.000000, 0.600000
60.0, 0.000000, 0.000000, 0.600000
60.1, 0.000000, 0.000000, 0.600000
60.2, 0.000000, 0.000000, 0.600000
60.3, 0.000000, 0.000000, 0.600000
60.4, 0.000000, 0.000000, 0.600000
60.5, 0.000000, 0.000000, 0.600000
60.6, 0.000000, 0.000000, 0.600000
60.7, 0.000000, 0.000000, 0.600000
60.8, 0.000000, 0.000000, 0.600000
60.9, 0.000000, 0.000000, 0.600000
61.0, 0.000000, 0.000000, 0.600000
61.1, 0.000000, 0.000000, 0.600000
61.2, 0.000000, 0.000000, 0.600000
61.3, 0.000000, 0.000000, 0.600000
61.4, 0.000000, 0.000000, 0.600000
61.5, 0.000000, 0.000000, 0.600000
61.6, 0.000000, 0.000000, 0.600000
61.7, 0.000000, 0.000000, 0.600000
61.8, 0.000000, 0.000000, 0.600000
61.9, 0.000000, 0.000000, 0.600000
62.0, 0.000000, 0.000000, 0.600000
62.1, 0.000000, 0.000000, 0.600000
62.2, 0.000000, 0.000000, 0.600000
62.3, 0.000000, 0.000000, 0.600000
62.4, 0.000000, 0.000000, 0.600000
62.5, 0.000000, 0.000000, 0.600000
62.6, 0.000000, 0.000000, 0.600000
62.7, 0.000000, 0.000000, 0.600000
62.8, 0.000000, 0.000000, 0.600000
62.9, 0.000000, 0.000000, 0.600000
63.0, 0.000000, 0.000000, 0.600000
63.1, 0.000000, 0.000000, 0.600000
63.2, 0.000000, 0.000000, 0.600000
63.3, 0.000000, 0.000000, 0.600000
63.4, 0.000000, 0.000000, 0.600000
63.5, 0.000000, 0.000000, 0.600000
63.6, 0.000000, 0.000000, 0.600000
63.7, 0.000000, 0.000000, 0.600000
63.8, 0.000000, 0.000000, 0.600000
63.9, 0.000000, 0.000000, 0.600000
64.0, 0.000000, 0.000000, 0.600000
64.1, 0.000000, 0.000000, 0.600000
64.2, 0.000000, 0.000000, 0.600000
64.3, 0.000000, 0.000000, 0.600000
64.4, 0.000000, 0.000000, 0.600000
64.5, 0.000000, 0.000000, 0.600000
64.6, 0.000000, 0.000000, 0.600000
64.7, 0.000000, 0.000000, 0.600000
64.8, 0.000000, 0.000000, 0.600000
64.9, 0.000000, 0.000000, 0.600000
65.0, 0.000000, 0.000000, 0.600000
65.1, 0.000000, 0.000000, 0.600000
65.2, 0.000000, 0.000000, 0.600000
65.3, 0.000000, 0.000000, 0.600000
65.4, 0.000000, 0.000000, 0.600000
65.5, 0.000000, 0.000000, 0.600000
65.6, 0.000000, 0.000000, 0.600000
65.7, 0.000000, 0.000000, 0.600000
65.8, 0.000000, 0.000000, 0.600000
65.9, 0.000000, 0.000000, 0.600000
66.0, 0.000000, 0.000000, 0.600000
66.1, 0.000000, 0.000000, 0.600000
66.2, 0.000000, 0.000000, 0.600000
66.3, 0.000000, 0.000000, 0.600000
66.4, 0.000000, 0.000000, 0.600000
66.5, 0.000000, 0.000000, 0.600000
66.6, 0.000000, 0.000000, 0.600000
66.7, 0.000000, 0.000000, 0.600000
66.8, 0.000000, 0.000000, 0.600000
66.9, 0.000000, 0.000000, 0.600000
67.0, 0.000000, 0.000000, 0.600000
67.1, 0.000000, 0.000000, 0.600000
67.2, 0.000000, 0.000000, 0.600000
67.3, 0.000000, 0.000000, 0.600000
67.4, 0.000000, 0.000000, 0.600000
67.5, 0.000000, 0.000000, 0.600000
67.6, 0.000000, 0.000000, 0.600000
67.7, 0.000000, 0.000000, 0.600000
67.8, 0.000000, 0.000000, 0.600000
67.9, 0.000000, 0.000000, 0.600000
68.0, 0.000000, 0.000000, 0.600000
68.1, 0.000000, 0.000000, 0.600000
68.2, 0.000000, 0.000000, 0.600000
68.3, 0.000000, 0.000000, 0.600000
68.4, 0.000000, 0.000000, 0.600000
68.5, 0.000000, 0.000000, 0.600000
68.6, 0.000000, 0.000000, 0.600000
68.7, 0.000000, 0.000000, 0.600000
68.8, 0.000000, 0.000000, 0.600000
68.9, 0.000000, 0.000000, 0.600000
69.0, 0.000000, 0.000000, 0.600000
69.1, 0.000000, 0.000000, 0.600000
69.2, 0.000000, 0.000000, 0.600000
69.3, 0.000000, 0.000000, 0.600000
69.4, 0.000000, 0.000000, 0.600000
69.5, 0.000000, 0.000000, 0.600000
69.6, 0.000000, 0.000000, 0.600000
69.7, 0.000000, 0.000000, 0.600000
69.8, 0.000000, 0.000000, 0.600000
69.9, 0.000000, 0.000000, 0.600000
70.0, 0.000000, 0.000000, 0.600000
70.1, 0.000000, 0.000000, 0.600000
70.2, 0.000000, 0.000000, 0.600000
70.3, 0.000000, 0.000000, 0.600000
70.4, 0.000000, 0.000000, 0.600000
70.5, 0.000000, 0.000000, 0.600000
70.6, 0.000000, 0.000000, 0.600000
70.7, 0.000000, 0.000000, 0.600000
70.8, 0.000000, 0.000000, 0.600000
70.9, 0.000000, 0.000000, 0.600000
71.0, 0.000000, 0.000000, 0.600000
71.1, 0.000000, 0.000000, 0.600000
71.2, 0.000000, 0.000000, 0.600000
71.3, 0.000000, 0.000000, 0.600000
71.4, 0.000000, 0.000000, 0.600000
71.5, 0.000000, 0.000000, 0.600000
71.6, 0.000000, 0.000000, 0.600000
71.7, 0.000000, 0.000000, 0.600000
71.8, 0.000000, 0.000000, 0.600000
71.9, 0.000000, 0.000000, 0.600000
72.0, 0.000000, 0.000000, 0.600000
72.1, 0.000000, 0.000000, 0.600000
72.2, 0.000000, 0.000000, 0.600000
72.3, 0.000000, 0.000000, 0.600000
72.4, 0.000000, 0.000000, 0.600000
72.5, 0.000000, 0.000000, 0.600000
72.6, 0.000000, 0.000000, 0.600000
72.7, 0.000000, 0.000000, 0.600000
72.8, 0.000000, 0.000000, 0.600000
72.9, 0.000000, 0.000000, 0.600000
73.0, 0.000000, 0.000000, 0.600000
73.1, 0.000000, 0.000000, 0.600000
73.2, 0.000000, 0.000000, 0.600000
73.3, 0.000000, 0.000000, 0.600000
73.4, 0.000000, 0.000000, 0.600000
73.5, 0.000000, 0.000000, 0.600000
73.6, 0.000000, 0.000000, 0.600000
73.7, 0.000000, 0.000000, 0.600000
73.8, 0.000000, 0.000000, 0.600000
73.9, 0.000000, 0.000000, 0.600000
74.0, 0.000000, 0.000000, 0.600000
74.1, 0.000000, 0.000000, 0.600000
74.2, 0.000000, 0.000000, 0.600000
74.3, 0.000000, 0.000000, 0.600000
74.4, 0.000000, 0.000000, 0.600000
74.5, 0.000000, 0.000000, 0.600000
74.6, 0.000000, 0.000000, 0.600000
74.7, 0.000000, 0.000000, 0.600000
74.8, 0.000000, 0.000000, 0.600000
74.9, 0.000000, 0.000000, 0.600000
75.0, 0.000000, 0.000000, 0.600000
75.1, 0.000000, 0.000000, 0.600000
75.2, 0.000000, 0.000000, 0.600000
75.3, 0.000000, 0.000000, 0.600000
75.4, 0.000000, 0.000000, 0.600000
75.5, 0.000000, 0.000000, 0.600000
75.6, 0.000000, 0.000000, 0.600000
75.7, 0.000000, 0.000000, 0.600000
75.8, 0.000000, 0.000000, 0.600000
75.9, 0.000000, 0.000000, 0.600000
76.0, 0.000000, 0.000000, 0.600000
76.1, 0.000000, 0.000000, 0.600000
76.2, 0.000000, 0.000000, 0.600000
76.3, 0.000000, 0.000000, 0.600000
76.4, 0.000000, 0.000000, 0.600000
76.5, 0.000000, 0.000000, 0.600000
76.6, 0.000000, 0.000000, 0.600000
76.7, 0.000000, 0.000000, 0.600000
76.8, 0.000000, 0.000000, 0.600000
76.9, 0.000000, 0.000000, 0.600000
77.0, 0.000000, 0.000000, 0.600000
77.1, 0.000000, 0.000000, 0.600000
77.2, 0.000000, 0.000000, 0.600000
77.3, 0.000000, 0.000000, 0.600000
77.4, 0.000000, 0.000000, 0.600000
77.5, 0.000000, 0.000000, 0.600000
77.6, 0.000000, 0.000000, 0.600000
77.7, 0.000000, 0.000000, 0.600000
77.8, 0.000000, 0.000000, 0.600000
77.9, 0.000000, 0.000000, 0.600000
78.0, 0.000000, 0.000000, 0.600000
78.1, 0.000000, 0.000000, 0.600000
78.2, 0.000000, 0.000000, 0.600000
78.3, 0.000000, 0.000000, 0.600000
78.4, 0.000000, 0.000000, 0.600000
78.5, 0.000000, 0.000000, 0.600000
78.6, 0.000000, 0.000000, 0.600000
78.7, 0.000000, 0.000000, 0.600000
78.8, 0.000000, 0.000000, 0.600000
78.9, 0.000000, 0.000000, 0.600000
79.0, 0.000000, 0.000000, 0.600000
79.1, 0.000000, 0.000000, 0.600000
79.2, 0.000000, 0.000000, 0.600000
79.3, 0.000000, 0.000000, 0.600000
79.4, 0.000000, 0.000000, 0.600000
79.5, 0.000000, 0.000000, 0.600000
79.6, 0.000000, 0.000000, 0.600000
79.7, 0.000000, 0.000000, 0.600000
79.8, 0.000000, 0.000000, 0.600000
79.9, 0.000000, 0.000000, 0.600000
80.0, 0.000000, 0.000000, 0.600000
80.1, 0.000000, 0.000000, 0.600000
80.2, 0.000000, 0.000000, 0.600000
80.3, 0.000000, 0.000000, 0.600000
80.4, 0.000000, 0.000000, 0.600000
80.5, 0.000000, 0.000000, 0.600000
80.6, 0.000000, 0.000000, 0.600000
80.7, 0.000000, 0.000000, 0.600000
80.8, 0.000000, 0.000000, 0.600000
80.9, 0.000000, 0.000000, 0.600000
81.0, 0.000000, 0.000000, 0.600000
81.1, 0.000000, 0.000000, 0.600000
81.2, 0.000000, 0.000000, 0.600000
81.3, 0.000000, 0.000000, 0.600000
81.4, 0.000000, 0.000000, 0.600000
81.5, 0.000000, 0.000000, 0.600000
81.6, 0.000000, 0.000000, 0.600000
81.7, 0.000000, 0.000000, 0.600000
81.8, 0.000000, 0.000000, 0.600000
81.9, 0.000000, 0.000000, 0.600000
82.0, 0.000000, 0.000000, 0.600000
82.1, 0.000000, 0.000000, 0.600000
82.2, 0.000000, 0.000000, 0.600000
82.3, 0.000000, 0.000000, 0.600000
82.4, 0.000000, 0.000000, 0.600000
82.5, 0.000000, 0.000000, 0.600000
82.6, 0.000000, 0.000000, 0.600000
82.7, 0.000000, 0.000000, 0.600000
82.8, 0.000000, 0.000000, 0.600000
82.9, 0.000000, 0.000000, 0.600000
83.0, 0.000000, 0.000000, 0.600000
83.1, 0.000000, 0.000000, 0.600000
83.2, 0.000000, 0.000000, 0.600000
83.3, 0.000000, 0.000000, 0.600000
83.4, 0.000000, 0.000000, 0.600000
83.5, 0.000000, 0.000000, 0.600000
83.6, 0.000000, 0.000000, 0.600000
83.7, 0.000000, 0.000000, 0.600000
83.8, 0.000000, 0.000000, 0.600000
83.9, 0.000000, 0.000000, 0.600000
84.0, 0.000000, 0.000000, 0.600000
84.1, 0.000000, 0.000000, 0.600000
84.2, 0.000000, 0.000000, 0.600000
84.3, 0.000000, 0.000000, 0.600000
84.4, 0.000000, 0.000000, 0.600000
84.5, 0.000000, 0.000000, 0.600000
84.6, 0.000000, 0.000000, 0.600000
84.7, 0.000000, 0.000000, 0.600000
84.8, 0.000000, 0.000000, 0.600000
84.9, 0.000000, 0.000000, 0.600000
85.0, 0.000000, 0.000000, 0.600000
85.1, 0.000000, 0.000000, 0.600000
85.2, 0.000000, 0.000000, 0.600000
85.3, 0.000000, 0.000000, 0.600000
85.4, 0.000000, 0.000000, 0.600000
85.5, 0.000000, 0.000000, 0.600000
85.6, 0.000000, 0.000000, 0.600000
85.7, 0.000000, 0.000000, 0.600000
85.8, 0.000000, 0.000000, 0.600000
85.9, 0.000000, 0.000000, 0.600000
86.0, 0.000000, 0.000000, 0.600000
86.1, 0.000000, 0.000000, 0.600000
86.2, 0.000000, 0.000000, 0.600000
86.3, 0.000000, 0.000000, 0.600000
86.4, 0.000000, 0.000000, 0.600000
86.5, 0.000000, 0.000000, 0.600000
86.6, 0.000000, 0.000000, 0.600000
86.7, 0.000000, 0.000000, 0.600000
86.8, 0.000000, 0.000000, 0.600000
86.9, 0.000000, 0.000000, 0.600000
87.0, 0.000000, 0.000000, 0.600000
87.1, 0.000000, 0.000000, 0.600000
87.2, 0.000000, 0.000000, 0.600000
87.3, 0.000000, 0.000000, 0.600000
87.4, 0.000000, 0.000000, 0.600000
87.5, 0.000000, 0.000000, 0.600000
87.6, 0.000000, 0.000000, 0.600000
87.7, 0.000000, 0.000000, 0.600000
87.8, 0.000000, 0.000000, 0.600000
87.9, 0.000000, 0.000000, 0.600000
88.0, 0.000000, 0.000000, 0.600000
88.1, 0.000000, 0.000000, 0.600000
88.2, 0.000000, 0.000000, 0.600000
88.3, 0.000000, 0.000000, 0.600000
88.4, 0.000000, 0.000000, 0.600000
88.5, 0.000000, 0.000000, 0.600000
88.6, 0.000000, 0.000000, 0.600000
88.7, 0.000000, 0.000000, 0.600000
88.8, 0.000000, 0.000000, 0.600000
88.9, 0.000000, 0.000000, 0.600000
89.0, 0.000000, 0.000000, 0.600000
89.1, 0.000000, 0.000000, 0.600000
89.2, 0.000000, 0.000000, 0.600000
89.3, 0.000000, 0.000000, 0.600000
89.4, 0.000000, 0.000000, 0.600000
89.5, 0.000000, 0.000000, 0.600000
89.6, 0.000000, 0.000000, 0.600000
89.7, 0.000000, 0.000000, 0.600000
89.8, 0.000000, 0.000000, 0.600000
89.9, 0.000000, 0.000000, 0.600000
90.0, 0.000000, 0.000000, 0.600000
90.1, 0.000000, 0.000000, 0.600000
90.2, 0.000000, 0.000000, 0.600000
90.3, 0.000000, 0.000000, 0.600000
90.4, 0.000000, 0.000000, 0.600000
90.5, 0.000000, 0.000000, 0.600000
90.6, 0.000000, 0.000000, 0.600000
90.7, 0.000000, 0.000000, 0.600000
90.8, 0.000000, 0.000000, 0.600000
90.9, 0.000000, 0.000000, 0.600000
91.0, 0.000000, 0.000000, 0.600000
91.1, 0.000000, 0.000000, 0.600000
91.2, 0.000000, 0.000000, 0.600000
91.3, 0.000000, 0.000000, 0.600000
91.4, 0.000000, 0.000000, 0.600000
91.5, 0.000000, 0.000000, 0.600000
91.6, 0.000000, 0.000000, 0.600000
91.7, 0.000000, 0.000000, 0.600000
91.8, 0.000000, 0.000000, 0.600000
91.9, 0.000000, 0.000000, 0.600000
92.0, 0.000000, 0.000000, 0.600000
92.1, 0.000000, 0.000000, 0.600000
92.2, 0.000000, 0.000000, 0.600000
92.3, 0.000000, 0.000000, 0.600000
92.4, 0.000000, 0.000000, 0.600000
92.5, 0.000000, 0.000000, 0.600000
92.6, 0.000000, 0.000000, 0.600000
92.7, 0.000000, 0.000000, 0.600000
92.8, 0.000000, 0.000000, 0.600000
92.9, 0.000000, 0.000000, 0.600000
93.0, 0.000000, 0.000000, 0.600000
93.1, 0.000000, 0.000000, 0.600000
93.2, 0.000000, 0.000000, 0.600000
93.3, 0.000000, 0.000000, 0.600000
93.4, 0.000000, 0.000000, 0.600000
93.5, 0.000000, 0.000000, 0.600000
93.6, 0.000000, 0.000000, 0.600000
93.7, 0.000000, 0.000000, 0.600000
93.8, 0.000000, 0.000000, 0.600000
93.9, 0.000000, 0.000000, 0.600000
94.0, 0.000000, 0.000000, 0.600000
94.1, 0.000000, 0.000000, 0.600000
94.2, 0.000000, 0.000000, 0.600000
94.3, 0.000000, 0.000000, 0.600000
94.4, 0.000000, 0.000000, 0.600000
94.5, 0.000000, 0.000000, 0.600000
94.6, 0.000000, 0.000000, 0.600000
94.7, 0.000000, 0.000000, 0.600000
94.8, 0.000000, 0.000000, 0.600000
94.9, 0.000000, 0.000000, 0.600000
95.0, 0.000000, 0.000000, 0.600000
95.1, 0.000000, 0.000000, 0.600000
95.2, 0.000000, 0.000000, 0.600000
95.3, 0.000000, 0.000000, 0.600000
95.4, 0.000000, 0.000000, 0.600000
95.5, 0.000000, 0.000000, 0.600000
95.6, 0.000000, 0.000000, 0.600000
95.7, 0.000000, 0.000000, 0.600000
95.8, 0.000000, 0.000000, 0.600000
95.9, 0.000000, 0.000000, 0.600000
96.0, 0.000000, 0.000000, 0.600000
96.1, 0.000000, 0.000000, 0.600000
96.2, 0.000000, 0.000000, 0.600000
96.3, 0.000000, 0.000000, 0.600000
96.4, 0.000000, 0.000000, 0.600000
96.5, 0.000000, 0.000000, 0.600000
96.6, 0.000000, 0.000000, 0.600000
96.7, 0.000000, 0.000000, 0.600000
96.8, 0.000000, 0.000000, 0.600000
96.9, 0.000000, 0.000000, 0.600000
97.0, 0.000000, 0.000000, 0.600000
97.1, 0.000000, 0.000000, 0.600000
97.2, 0.000000, 0.000000, 0.600000
97.3, 0.000000, 0.000000, 0.600000
97.4, 0.000000, 0.000000, 0.600000
97.5, 0.000000, 0.000000, 0.600000
97.6, 0.000000, 0.000000, 0.600000
97.7, 0.000000, 0.000000, 0.600000
97.8, 0.000000, 0.000000, 0.600000
97.9, 0.000000, 0.000000, 0.600000
98.0, 0.000000, 0.000000, 0.600000
98.1, 0.000000, 0.000000, 0.600000
98.2, 0.000000, 0.000000, 0.600000
98.3, 0.000000, 0.000000, 0.600000
98.4, 0.000000, 0.000000, 0.600000
98.5, 0.000000, 0.000000, 0.600000
98.6, 0.000000, 0.000000, 0.600000
98.7, 0.000000, 0.000000, 0.600000
98.8, 0.000000, 0.000000, 0.600000
98.9, 0.000000, 0.000000, 0.600000
99.0, 0.000000, 0.000000, 0.600000
99.1, 0.000000, 0.000000, 0.600000
99.2, 0.000000, 0.000000, 0.600000
99.3, 0.000000, 0.000000, 0.600000
99.4, 0.000000, 0.000000, 0.600000
99.5, 0.000000, 0.000000, 0.600000
99.6, 0.000000, 0.000000, 0.600000
99.7, 0.000000, 0.000000, 0.600000
99.8, 0.000000, 0.000000, 0.600000
99.9, 0.000000, 0.000000, 0.600000
100.0, 0.000000, 0.000000, 0.600000
